Product,weight,weight_unit,tare,Gross,date,time
27,2.84,kg,0.305,3.145,07-06-24,14:57:42
49,2.615,kg,0.305,2.92,07-06-24,14:58:06
2,3.56,kg,0.305,3.865,07-06-24,14:58:43
23,3.2,kg,0.305,3.505,07-06-24,14:59:13
29,3.39,kg,0.305,3.695,07-06-24,14:59:51
1,2.71,kg,0.305,3.015,07-06-24,15:00:26
51,2.43,kg,0.305,2.735,07-06-24,15:01:13
15,3.425,kg,0.305,3.73,07-06-24,15:02:06
4,3.475,kg,0.305,3.78,07-06-24,15:02:45
47,3.07,kg,0.305,3.375,07-06-24,15:03:04
3,3.19,kg,0.305,3.495,07-06-24,15:03:23
47,2.835,kg,0.305,3.14,07-06-24,15:03:43
32,3.225,kg,0.305,3.53,07-06-24,15:06:00
19,3.32,kg,0.305,3.625,07-06-24,15:06:21
4,3.195,kg,0.305,3.5,07-06-24,15:06:47
51,2.285,kg,0.305,2.59,07-06-24,15:07:11
7,2.985,kg,0.305,3.29,07-06-24,15:07:40
35,3.76,kg,0.305,4.065,07-06-24,15:08:22
47,3.08,kg,0.305,3.385,07-06-24,15:08:48
53,3.145,kg,0.305,3.45,07-06-24,15:09:09
52,2.8,kg,0.305,3.105,07-06-24,15:10:45
26,3.16,kg,0.305,3.465,07-06-24,15:11:07
47,2.605,kg,0.305,2.91,07-06-24,15:11:23
49,2.915,kg,0.305,3.22,07-06-24,15:12:08
29,3.25,kg,0.305,3.555,07-06-24,15:12:41
27,2.3,kg,0.305,2.605,07-06-24,15:14:22
33,2.78,kg,0.305,3.085,07-06-24,15:14:31
2,3.66,kg,0.305,3.965,07-06-24,15:15:00
37,3.385,kg,0.305,3.69,07-06-24,15:15:10
17,2.68,kg,0.305,2.985,07-06-24,15:15:37
49,2.7,kg,0.305,3.005,07-06-24,15:16:10
2,3.295,kg,0.305,3.6,07-06-24,15:16:48
8,2.84,kg,0.305,3.145,07-06-24,15:17:23
11,2.895,kg,0.305,3.2,07-06-24,15:17:42
53,2.725,kg,0.305,3.03,07-06-24,15:18:24
52,3.355,kg,0.305,3.66,07-06-24,15:18:52
38,3.23,kg,0.305,3.535,07-06-24,15:19:20
32,1.67,kg,0.305,1.975,07-06-24,15:19:50
51,2.78,kg,0.305,3.085,07-06-24,15:39:52
1,3.14,kg,0.305,3.445,07-06-24,15:40:33
49,2.28,kg,0.305,2.585,07-06-24,15:40:56
2,3.825,kg,0.305,4.13,07-06-24,15:41:46
24,3.03,kg,0.305,3.335,07-06-24,15:42:14
23,2.925,kg,0.305,3.23,07-06-24,15:43:04
47,3.085,kg,0.305,3.39,07-06-24,15:43:39
15,3.465,kg,0.305,3.77,07-06-24,15:44:09
35,2.99,kg,0.305,3.295,07-06-24,15:44:45
13,2.735,kg,0.305,3.04,07-06-24,15:45:10
33,2.76,kg,0.305,3.065,07-06-24,16:26:14
4,3.645,kg,0.305,3.95,07-06-24,16:26:34
37,3.15,kg,0.305,3.455,07-06-24,16:26:56
47,2.77,kg,0.305,3.075,07-06-24,16:27:23
38,3.645,kg,0.305,3.95,07-06-24,16:27:41
47,3.125,kg,0.305,3.43,07-06-24,16:27:53
27,2.785,kg,0.305,3.09,07-06-24,16:28:13
51,2.405,kg,0.305,2.71,07-06-24,16:28:52
37,2.98,kg,0.305,3.285,07-06-24,16:29:17
29,3.64,kg,0.305,3.945,07-06-24,16:29:35
9,2.59,kg,0.305,2.895,07-06-24,16:29:49
28,3.065,kg,0.305,3.37,07-06-24,16:30:09
38,2.945,kg,0.305,3.25,07-06-24,16:33:55
28,3.33,kg,0.305,3.635,07-06-24,16:34:08
35,2.67,kg,0.305,2.975,07-06-24,16:34:30
52,3.36,kg,0.305,3.665,07-06-24,16:34:45
37,3.02,kg,0.305,3.325,07-06-24,16:35:08
33,2.93,kg,0.305,3.235,07-06-24,16:35:22
26,3.33,kg,0.305,3.635,07-06-24,16:35:38
1,3.07,kg,0.305,3.375,07-06-24,16:36:11
17,2.64,kg,0.305,2.945,07-06-24,16:36:46
19,2.14,kg,0.305,2.445,07-06-24,16:37:04
32,1.88,kg,0.305,2.185,07-06-24,16:37:22
3,3.015,kg,0.305,3.32,07-06-24,16:38:01
7,2.905,kg,0.305,3.21,07-06-24,16:38:16
8,2.865,kg,0.305,3.17,07-06-24,16:38:33
4,3.515,kg,0.305,3.82,07-06-24,16:38:45
3,2.855,kg,0.305,3.16,07-06-24,16:39:08
35,2.77,kg,0.305,3.075,07-06-24,16:40:27
51,2.22,kg,0.305,2.525,07-06-24,16:40:57
2,3.325,kg,0.305,3.63,07-06-24,16:41:29
22,4.01,kg,0.305,4.315,07-06-24,16:41:47
20,4.02,kg,0.305,4.325,07-06-24,16:42:06
32,2.995,kg,0.305,3.3,07-06-24,16:42:22
37,3.475,kg,0.305,3.78,07-06-24,16:42:50
19,2.815,kg,0.305,3.12,07-06-24,16:44:42
15,3.375,kg,0.305,3.68,07-06-24,16:45:43
15,2.765,kg,0.305,3.07,07-06-24,16:46:14
23,3.28,kg,0.305,3.585,07-06-24,16:47:29
35,3.82,kg,0.305,4.125,07-06-24,16:47:47
2,3.46,kg,0.305,3.765,07-06-24,16:48:15
4,3.575,kg,0.305,3.88,07-06-24,16:53:13
3,2.74,kg,0.305,3.045,07-06-24,16:54:28
47,2.985,kg,0.305,3.29,07-06-24,16:55:08
53,3.39,kg,0.305,3.695,07-06-24,16:58:02
26,3.075,kg,0.305,3.38,07-06-24,16:58:17
53,2.97,kg,0.305,3.275,07-06-24,16:58:37
8,2.89,kg,0.305,3.195,07-06-24,16:58:56
19,2.595,kg,0.305,2.9,07-06-24,16:59:10
32,2.53,kg,0.305,2.835,07-06-24,16:59:22
3,2.78,kg,0.305,3.085,07-06-24,16:59:32
17,3.015,kg,0.305,3.32,07-06-24,16:59:40
7,2.825,kg,0.305,3.13,07-06-24,16:59:48
52,4.05,kg,0.305,4.355,07-06-24,17:00:03
19,2.53,kg,0.305,2.835,07-06-24,17:00:14
17,2.845,kg,0.305,3.15,07-06-24,17:00:21
49,3.345,kg,0.305,3.65,07-06-24,17:00:33
27,2.255,kg,0.305,2.56,07-06-24,17:00:42
49,2.725,kg,0.305,3.03,07-06-24,17:00:57
20,3.12,kg,0.305,3.425,07-06-24,17:03:08
13,3.105,kg,0.305,3.41,07-06-24,17:03:25
22,4.905,kg,0.305,5.21,07-06-24,17:05:45
28,3.185,kg,0.305,3.49,07-06-24,17:07:59
20,4.245,kg,0.305,4.55,07-06-24,17:08:15
9,2.73,kg,0.305,3.035,07-06-24,17:09:12
7,3.595,kg,0.305,3.9,07-06-24,17:09:27
9,2.48,kg,0.305,2.785,07-06-24,17:10:10
24,3.26,kg,0.305,3.565,07-06-24,17:10:33
4,3.335,kg,0.305,3.64,07-06-24,17:11:38
52,2.95,kg,0.305,3.255,07-06-24,17:12:06
26,2.98,kg,0.305,3.285,07-06-24,17:12:35
32,2.17,kg,0.305,2.475,07-06-24,17:13:12
29,3.415,kg,0.305,3.72,07-06-24,17:13:39
11,2.675,kg,0.305,2.98,07-06-24,17:14:07
11,3.06,kg,0.305,3.365,07-06-24,17:14:28
29,3.21,kg,0.3,3.51,08-06-24,08:57:08
27,2.835,kg,0.3,3.135,08-06-24,08:57:34
1,2.56,kg,0.3,2.86,08-06-24,08:59:03
51,3.195,kg,0.3,3.495,08-06-24,08:59:26
26,3.015,kg,0.3,3.315,08-06-24,08:59:56
38,2.575,kg,0.3,2.875,08-06-24,09:00:24
37,3.125,kg,0.3,3.425,08-06-24,09:01:09
38,2.935,kg,0.3,3.235,08-06-24,09:01:51
2,3.545,kg,0.3,3.845,08-06-24,09:02:21
38,3.265,kg,0.3,3.565,08-06-24,09:02:38
4,3.715,kg,0.3,4.015,08-06-24,09:02:57
3,2.72,kg,0.3,3.02,08-06-24,09:04:19
4,3.645,kg,0.3,3.945,08-06-24,09:04:58
49,3.535,kg,0.3,3.835,08-06-24,09:08:24
55,3.79,kg,0.3,4.09,08-06-24,09:08:55
17,3.62,kg,0.3,3.92,08-06-24,09:09:26
37,3.485,kg,0.3,3.785,08-06-24,09:09:51
51,2.48,kg,0.3,2.78,08-06-24,09:10:54
10,2.99,kg,0.3,3.29,08-06-24,09:11:23
13,2.415,kg,0.3,2.715,08-06-24,09:11:39
49,3,kg,0.3,3.3,08-06-24,09:11:58
55,3.645,kg,0.3,3.945,08-06-24,09:12:15
24,2.535,kg,0.3,2.835,08-06-24,09:12:42
4,2.75,kg,0.3,3.05,08-06-24,09:13:16
32,3.32,kg,0.3,3.62,08-06-24,09:13:35
19,2.74,kg,0.3,3.04,08-06-24,09:14:07
9,2.835,kg,0.3,3.135,08-06-24,09:14:28
13,2.45,kg,0.3,2.75,08-06-24,09:15:18
29,3.395,kg,0.3,3.695,08-06-24,09:17:49
27,3.15,kg,0.3,3.45,08-06-24,09:18:22
28,2.9,kg,0.3,3.2,08-06-24,09:18:37
33,2.42,kg,0.3,2.72,08-06-24,09:19:02
24,2.66,kg,0.3,2.96,08-06-24,09:19:21
28,2.785,kg,0.3,3.085,08-06-24,09:19:38
17,3.59,kg,0.3,3.89,08-06-24,09:20:17
11,3.14,kg,0.3,3.44,08-06-24,09:20:54
37,3.04,kg,0.3,3.34,08-06-24,09:21:28
15,3.535,kg,0.3,3.835,08-06-24,09:21:54
3,2.815,kg,0.3,3.115,08-06-24,09:22:09
23,2.97,kg,0.3,3.27,08-06-24,09:24:32
29,3.37,kg,0.3,3.67,08-06-24,09:24:57
27,2.79,kg,0.3,3.09,08-06-24,09:25:55
23,2.485,kg,0.3,2.785,08-06-24,09:28:08
37,3.09,kg,0.3,3.39,08-06-24,09:28:42
26,3.17,kg,0.3,3.47,08-06-24,09:28:59
11,3.225,kg,0.3,3.525,08-06-24,09:29:16
32,3.62,kg,0.3,3.92,08-06-24,09:29:32
10,3,kg,0.3,3.3,08-06-24,09:29:54
9,2.71,kg,0.3,3.01,08-06-24,09:30:11
3,3.215,kg,0.3,3.515,08-06-24,09:30:39
1,2.665,kg,0.3,2.965,08-06-24,09:30:59
38,1.89,kg,0.3,2.19,08-06-24,09:31:46
13,2.54,kg,0.3,2.84,08-06-24,09:32:05
3,3.395,kg,0.3,3.695,08-06-24,09:32:34
4,3.69,kg,0.3,3.99,08-06-24,09:32:57
2,3.255,kg,0.3,3.555,08-06-24,09:33:46
13,2.575,kg,0.3,2.875,08-06-24,09:34:30
15,3.265,kg,0.3,3.565,08-06-24,09:34:49
26,3.175,kg,0.3,3.475,08-06-24,09:35:07
10,3.05,kg,0.3,3.35,08-06-24,09:35:26
28,2.93,kg,0.3,3.23,08-06-24,09:36:03
6,3.075,kg,0.3,3.375,08-06-24,09:37:03
24,2.75,kg,0.3,3.05,08-06-24,09:37:42
19,2.58,kg,0.3,2.88,08-06-24,09:38:27
19,3.285,kg,0.3,3.585,08-06-24,09:39:28
2,3.42,kg,0.3,3.72,08-06-24,09:39:59
33,2.95,kg,0.3,3.25,08-06-24,09:41:56
4,3.51,kg,0.3,3.81,08-06-24,10:55:18
3,3.36,kg,0.3,3.66,08-06-24,10:55:30
13,2.48,kg,0.3,2.78,08-06-24,10:55:45
9,2.595,kg,0.3,2.895,08-06-24,10:56:00
11,3.195,kg,0.3,3.495,08-06-24,10:56:12
33,2.935,kg,0.3,3.235,08-06-24,10:56:27
38,3.005,kg,0.3,3.305,08-06-24,10:56:49
10,2.935,kg,0.3,3.235,08-06-24,10:57:09
37,3.375,kg,0.3,3.675,08-06-24,10:57:23
3,3.485,kg,0.3,3.785,08-06-24,10:57:37
55,3.225,kg,0.3,3.525,08-06-24,10:57:51
2,3.105,kg,0.3,3.405,08-06-24,10:58:22
6,2.8,kg,0.3,3.1,08-06-24,10:58:36
2,3.355,kg,0.3,3.655,08-06-24,10:58:57
49,2.605,kg,0.3,2.905,08-06-24,10:59:11
4,3.38,kg,0.3,3.68,08-06-24,10:59:40
15,3.005,kg,0.3,3.305,08-06-24,11:00:00
1,2.575,kg,0.3,2.875,08-06-24,11:00:38
51,2.885,kg,0.3,3.185,08-06-24,11:00:53
9,2.65,kg,0.3,2.95,08-06-24,11:01:08
17,2.975,kg,0.3,3.275,08-06-24,11:02:06
19,2.67,kg,0.3,2.97,08-06-24,11:02:52
28,2.81,kg,0.3,3.11,08-06-24,11:03:52
37,2.805,kg,0.3,3.105,08-06-24,11:04:55
28,2.705,kg,0.3,3.005,08-06-24,11:05:44
1,2.675,kg,0.3,2.975,08-06-24,11:06:39
24,2.455,kg,0.3,2.755,08-06-24,11:07:20
6,2.955,kg,0.3,3.255,08-06-24,11:07:49
19,2.805,kg,0.3,3.105,08-06-24,11:08:19
17,3.065,kg,0.3,3.365,08-06-24,11:08:45
49,2.63,kg,0.3,2.93,08-06-24,11:09:21
6,3.115,kg,0.3,3.415,08-06-24,11:11:08
15,2.86,kg,0.3,3.16,08-06-24,11:11:44
24,2.775,kg,0.3,3.075,08-06-24,11:12:20
49,2.72,kg,0.3,3.02,08-06-24,11:13:15
26,2.98,kg,0.3,3.28,08-06-24,11:13:38
29,3.395,kg,0.3,3.695,08-06-24,11:14:17
27,2.77,kg,0.3,3.07,08-06-24,11:14:40
23,2.89,kg,0.3,3.19,08-06-24,11:15:15
2,3.405,kg,0.3,3.705,08-06-24,11:16:20
55,3.73,kg,0.3,4.03,08-06-24,11:16:42
38,2.94,kg,0.3,3.24,08-06-24,11:17:05
29,2.77,kg,0.3,3.07,08-06-24,11:17:38
27,2.505,kg,0.3,2.805,08-06-24,11:18:02
11,3.265,kg,0.3,3.565,08-06-24,11:18:28
13,2.695,kg,0.3,2.995,08-06-24,11:19:29
26,3.02,kg,0.3,3.32,08-06-24,11:19:55
10,3.13,kg,0.3,3.43,08-06-24,11:20:38
3,2.91,kg,0.3,3.21,08-06-24,11:21:13
4,3.155,kg,0.3,3.455,08-06-24,11:21:38
29,3.42,kg,0.3,3.72,08-06-24,11:39:51
11,3.325,kg,0.3,3.625,08-06-24,11:40:26
27,2.64,kg,0.3,2.94,08-06-24,11:40:46
6,2.66,kg,0.3,2.96,08-06-24,11:41:32
24,2.37,kg,0.3,2.67,08-06-24,11:41:54
19,2.445,kg,0.3,2.745,08-06-24,11:42:26
28,3,kg,0.3,3.3,08-06-24,11:42:45
10,2.515,kg,0.3,2.815,08-06-24,11:44:00
1,2.55,kg,0.3,2.85,08-06-24,11:44:48
9,2.735,kg,0.3,3.035,08-06-24,11:45:08
49,2.55,kg,0.3,2.85,08-06-24,11:46:23
17,3.25,kg,0.3,3.55,08-06-24,11:47:19
55,3.36,kg,0.3,3.66,08-06-24,11:47:38
13,2.355,kg,0.3,2.655,08-06-24,11:48:16
26,2.95,kg,0.3,3.25,08-06-24,11:48:53
2,3.31,kg,0.3,3.61,08-06-24,11:49:54
38,3.22,kg,0.3,3.52,08-06-24,11:50:27
37,3.07,kg,0.3,3.37,08-06-24,11:51:12
51,2.84,kg,0.3,3.14,08-06-24,11:52:10
33,2.66,kg,0.3,2.96,08-06-24,11:52:41
15,3.06,kg,0.3,3.36,08-06-24,11:53:09
3,2.91,kg,0.3,3.21,08-06-24,11:54:34
4,3.035,kg,0.3,3.335,08-06-24,11:55:23
15,3.025,kg,0.3,3.325,08-06-24,12:44:19
13,2.44,kg,0.3,2.74,08-06-24,12:44:30
2,3.28,kg,0.3,3.58,08-06-24,12:44:42
9,2.57,kg,0.3,2.87,08-06-24,12:44:55
6,2.43,kg,0.3,2.73,08-06-24,12:45:09
1,2.78,kg,0.3,3.08,08-06-24,12:45:22
4,3.64,kg,0.3,3.94,08-06-24,12:46:30
37,3.43,kg,0.3,3.73,08-06-24,12:47:11
3,3.425,kg,0.3,3.725,08-06-24,12:47:52
3,3.3,kg,0.3,3.6,08-06-24,13:28:46
17,2.45,kg,0.3,2.75,08-06-24,13:31:26
19,2.755,kg,0.3,3.055,08-06-24,13:31:38
9,2.35,kg,0.3,2.65,08-06-24,13:31:51
24,2.995,kg,0.3,3.295,08-06-24,13:32:05
51,2.835,kg,0.3,3.135,08-06-24,13:32:22
23,2.705,kg,0.3,3.005,08-06-24,13:32:42
55,3.335,kg,0.3,3.635,08-06-24,13:32:57
11,3.325,kg,0.3,3.625,08-06-24,13:33:18
27,2.945,kg,0.3,3.245,08-06-24,13:33:39
29,3.77,kg,0.3,4.07,08-06-24,13:34:04
2,3.38,kg,0.3,3.68,08-06-24,13:34:25
49,3.215,kg,0.3,3.515,08-06-24,13:34:40
26,3.355,kg,0.3,3.655,08-06-24,13:35:09
10,3.425,kg,0.3,3.725,08-06-24,13:35:41
3,3.455,kg,0.3,3.755,08-06-24,13:36:10
4,3.485,kg,0.3,3.785,08-06-24,13:36:32
37,3.795,kg,0.3,4.095,08-06-24,13:36:53
4,3.4,kg,0.3,3.7,08-06-24,13:37:16
33,2.915,kg,0.3,3.215,08-06-24,13:37:48
6,3.155,kg,0.3,3.455,08-06-24,13:38:44
27,2.995,kg,0.3,3.295,08-06-24,13:47:43
49,2.525,kg,0.3,2.825,08-06-24,13:48:00
15,3.55,kg,0.3,3.85,08-06-24,13:48:19
9,2.85,kg,0.3,3.15,08-06-24,13:48:35
55,3.38,kg,0.3,3.68,08-06-24,13:48:53
13,3.29,kg,0.3,3.59,08-06-24,13:49:15
51,2.555,kg,0.3,2.855,08-06-24,13:49:32
26,3.36,kg,0.3,3.66,08-06-24,13:49:49
10,3.555,kg,0.3,3.855,08-06-24,13:50:04
11,2.825,kg,0.3,3.125,08-06-24,13:50:21
29,3.675,kg,0.3,3.975,08-06-24,13:50:35
17,3.245,kg,0.3,3.545,08-06-24,13:50:49
2,3.425,kg,0.3,3.725,08-06-24,13:51:02
19,2.285,kg,0.3,2.585,08-06-24,13:51:43
4,3.95,kg,0.3,4.25,08-06-24,13:51:55
3,3.46,kg,0.3,3.76,08-06-24,13:52:09
1,2.835,kg,0.3,3.135,08-06-24,13:52:24
13,2.745,kg,0.3,3.045,08-06-24,14:10:25
24,3.25,kg,0.3,3.55,08-06-24,14:10:48
29,3.125,kg,0.3,3.425,08-06-24,14:11:19
2,3.06,kg,0.3,3.36,08-06-24,14:12:03
49,2.96,kg,0.3,3.26,08-06-24,14:12:17
27,2.12,kg,0.3,2.42,08-06-24,14:13:03
23,2.88,kg,0.3,3.18,08-06-24,14:13:26
38,3.53,kg,0.3,3.83,08-06-24,14:15:47
37,2.725,kg,0.3,3.025,08-06-24,14:17:02
37,3.295,kg,0.3,3.595,08-06-24,14:18:53
55,2.825,kg,0.3,3.125,08-06-24,14:19:31
6,2.73,kg,0.3,3.03,08-06-24,14:19:47
33,2.82,kg,0.3,3.12,08-06-24,14:20:11
55,2.82,kg,0.3,3.12,08-06-24,15:31:45
13,2.725,kg,0.3,3.025,08-06-24,15:32:53
19,2.48,kg,0.3,2.78,08-06-24,15:33:06
1,2.815,kg,0.3,3.115,08-06-24,15:33:16
51,2.525,kg,0.3,2.825,08-06-24,15:33:28
17,2.905,kg,0.3,3.205,08-06-24,15:33:40
49,3.32,kg,0.3,3.62,08-06-24,15:33:54
9,2.535,kg,0.3,2.835,08-06-24,15:34:13
2,3.205,kg,0.3,3.505,08-06-24,15:34:24
37,3.59,kg,0.3,3.89,08-06-24,15:34:34
10,3.25,kg,0.3,3.55,08-06-24,15:34:47
11,2.95,kg,0.3,3.25,08-06-24,15:35:01
26,3.17,kg,0.3,3.47,08-06-24,15:35:15
17,2.925,kg,0.3,3.225,08-06-24,16:04:55
27,2.735,kg,0.3,3.035,08-06-24,16:05:08
2,2.945,kg,0.3,3.245,08-06-24,16:05:20
29,3.575,kg,0.3,3.875,08-06-24,16:05:38
9,2.58,kg,0.3,2.88,08-06-24,16:05:57
11,2.98,kg,0.3,3.28,08-06-24,16:06:14
55,3.735,kg,0.3,4.035,08-06-24,16:06:27
2,3.27,kg,0.3,3.57,08-06-24,16:06:39
15,3.375,kg,0.3,3.675,08-06-24,16:06:52
29,3.49,kg,0.3,3.79,08-06-24,16:07:07
24,2.84,kg,0.3,3.14,08-06-24,16:07:22
4,3.465,kg,0.3,3.765,08-06-24,16:07:34
3,3.27,kg,0.3,3.57,08-06-24,16:07:47
6,2.99,kg,0.3,3.29,08-06-24,16:08:02
23,2.23,kg,0.3,2.53,08-06-24,16:08:16
33,2.785,kg,0.3,3.085,08-06-24,16:08:31
1,2.485,kg,0.3,2.785,08-06-24,16:08:42
51,2.445,kg,0.3,2.745,08-06-24,16:08:57
4,3.445,kg,0.3,3.745,08-06-24,16:09:12
3,3.425,kg,0.3,3.725,08-06-24,16:09:25
10,2.865,kg,0.3,3.165,08-06-24,16:09:38
26,2.91,kg,0.3,3.21,08-06-24,16:09:53
49,3.155,kg,0.3,3.455,08-06-24,16:10:07
37,2.95,kg,0.3,3.25,08-06-24,16:10:21
24,2.105,kg,0.3,2.405,08-06-24,16:11:17
13,3.08,kg,0.3,3.38,08-06-24,16:12:40
4,3.65,kg,0.3,3.95,08-06-24,16:12:57
3,3.22,kg,0.3,3.52,08-06-24,16:13:09
23,2.635,kg,0.3,2.935,08-06-24,16:45:25
24,1.485,kg,0.3,1.785,08-06-24,16:45:41
1,2.61,kg,0.3,2.91,08-06-24,16:45:54
51,2.41,kg,0.3,2.71,08-06-24,16:46:14
19,3.08,kg,0.3,3.38,08-06-24,16:46:30
49,3.715,kg,0.3,4.015,08-06-24,16:46:46
4,2.37,kg,0.3,2.67,08-06-24,16:46:59
3,2.58,kg,0.3,2.88,08-06-24,16:47:12
26,2.77,kg,0.3,3.07,08-06-24,16:47:24
27,3.25,kg,0.3,3.55,08-06-24,16:47:39
11,2.435,kg,0.3,2.735,08-06-24,16:47:55
6,2.16,kg,0.3,2.46,08-06-24,16:48:08
29,3.55,kg,0.3,3.85,08-06-24,16:48:24
2,3.63,kg,0.3,3.93,08-06-24,16:48:40
15,1.575,kg,0.3,1.875,08-06-24,16:48:57
15,3.285,kg,0.3,3.585,08-06-24,16:49:13
33,2.27,kg,0.3,2.57,08-06-24,16:49:27
37,3.575,kg,0.3,3.875,08-06-24,16:49:44
17,2.895,kg,0.3,3.195,08-06-24,16:50:05
55,3.775,kg,0.3,4.075,08-06-24,16:50:24
1,1.445,kg,0.3,1.745,08-06-24,16:51:41
37,2.99,kg,0.3,3.29,08-06-24,16:54:21
35,3.125,kg,0.3,3.425,10-06-24,09:19:15
22,3.125,kg,0.3,3.425,10-06-24,09:19:34
13,2.335,kg,0.3,2.635,10-06-24,09:21:10
47,2.855,kg,0.3,3.155,10-06-24,09:21:30
9,2.53,kg,0.3,2.83,10-06-24,09:21:46
7,3.025,kg,0.3,3.325,10-06-24,09:22:04
15,2.95,kg,0.3,3.25,10-06-24,09:22:50
32,2.61,kg,0.3,2.91,10-06-24,09:23:04
37,2.98,kg,0.3,3.28,10-06-24,09:24:40
38,2.79,kg,0.3,3.09,10-06-24,09:27:31
20,3.31,kg,0.3,3.61,10-06-24,09:27:57
24,2.345,kg,0.3,2.645,10-06-24,09:28:26
16,2.66,kg,0.3,2.96,10-06-24,09:28:54
13,2.51,kg,0.3,2.81,10-06-24,09:29:17
35,3.73,kg,0.3,4.03,10-06-24,09:29:41
17,3.19,kg,0.3,3.49,10-06-24,09:31:32
29,2.89,kg,0.3,3.19,10-06-24,09:32:21
17,3.3,kg,0.3,3.6,10-06-24,09:32:54
26,3.33,kg,0.3,3.63,10-06-24,09:33:10
19,2.54,kg,0.3,2.84,10-06-24,09:34:21
4,2.46,kg,0.3,2.76,10-06-24,09:34:37
3,2.73,kg,0.3,3.03,10-06-24,09:35:15
27,2.99,kg,0.3,3.29,10-06-24,09:35:39
10,3.37,kg,0.3,3.67,10-06-24,09:35:57
23,3.04,kg,0.3,3.34,10-06-24,09:37:16
11,2.91,kg,0.3,3.21,10-06-24,09:37:41
24,2.475,kg,0.3,2.775,10-06-24,09:38:03
29,3.5,kg,0.3,3.8,10-06-24,09:38:20
27,3.265,kg,0.3,3.565,10-06-24,09:39:02
56,3.36,kg,0.3,3.66,10-06-24,09:39:33
15,2.42,kg,0.3,2.72,10-06-24,09:39:53
23,2.09,kg,0.3,2.39,10-06-24,09:40:56
7,2.925,kg,0.3,3.225,10-06-24,09:48:33
56,2.74,kg,0.3,3.04,10-06-24,09:48:48
47,3.01,kg,0.3,3.31,10-06-24,09:49:05
4,2.67,kg,0.3,2.97,10-06-24,09:50:17
37,3.13,kg,0.3,3.43,10-06-24,09:51:22
13,2.78,kg,0.3,3.08,10-06-24,09:51:37
24,2.795,kg,0.3,3.095,10-06-24,09:51:56
16,3.655,kg,0.3,3.955,10-06-24,09:53:35
49,3.17,kg,0.3,3.47,10-06-24,09:54:22
20,3.14,kg,0.3,3.44,10-06-24,09:55:00
22,3.66,kg,0.3,3.96,10-06-24,10:02:34
49,2.24,kg,0.3,2.54,10-06-24,10:03:46
37,2.83,kg,0.3,3.13,10-06-24,10:04:03
4,3.365,kg,0.3,3.665,10-06-24,10:04:33
7,3.25,kg,0.3,3.55,10-06-24,10:04:54
47,2.445,kg,0.3,2.745,10-06-24,10:05:20
11,2.77,kg,0.3,3.07,10-06-24,10:05:40
9,2.685,kg,0.3,2.985,10-06-24,10:06:01
3,3.375,kg,0.3,3.675,10-06-24,10:06:18
1,2.755,kg,0.3,3.055,10-06-24,10:06:30
51,2.71,kg,0.3,3.01,10-06-24,10:06:52
51,2.92,kg,0.3,3.22,10-06-24,10:08:00
1,2.815,kg,0.3,3.115,10-06-24,10:08:28
3,2.63,kg,0.3,2.93,10-06-24,10:09:23
4,2.99,kg,0.3,3.29,10-06-24,10:09:59
3,3.115,kg,0.3,3.415,10-06-24,10:10:23
26,3.495,kg,0.3,3.795,10-06-24,10:10:45
10,3.08,kg,0.3,3.38,10-06-24,10:11:07
19,2.105,kg,0.3,2.405,10-06-24,10:11:36
38,2.605,kg,0.3,2.905,10-06-24,10:12:21
15,2.9,kg,0.3,3.2,10-06-24,10:12:43
32,2.765,kg,0.3,3.065,10-06-24,10:24:19
35,3.075,kg,0.3,3.375,10-06-24,10:27:56
19,2.665,kg,0.3,2.965,10-06-24,10:28:35
10,3.07,kg,0.3,3.37,10-06-24,10:44:38
26,2.98,kg,0.3,3.28,10-06-24,10:44:54
16,3.445,kg,0.3,3.745,10-06-24,10:56:43
49,3.455,kg,0.3,3.755,10-06-24,10:57:02
32,2.45,kg,0.3,2.75,10-06-24,10:57:24
4,2.545,kg,0.3,2.845,10-06-24,10:57:41
3,2.975,kg,0.3,3.275,10-06-24,10:57:53
47,2.505,kg,0.3,2.805,10-06-24,10:58:09
7,2.75,kg,0.3,3.05,10-06-24,10:58:23
56,2.91,kg,0.3,3.21,10-06-24,10:58:37
15,2.89,kg,0.3,3.19,10-06-24,10:58:51
17,3.605,kg,0.3,3.905,10-06-24,10:59:07
9,2.65,kg,0.3,2.95,10-06-24,10:59:22
38,2.625,kg,0.3,2.925,10-06-24,10:59:39
29,3.085,kg,0.3,3.385,10-06-24,11:00:00
27,2.885,kg,0.3,3.185,10-06-24,11:00:16
51,2.58,kg,0.3,2.88,10-06-24,11:00:56
1,3.065,kg,0.3,3.365,10-06-24,11:01:16
22,2.975,kg,0.3,3.275,10-06-24,11:01:39
11,3.15,kg,0.3,3.45,10-06-24,11:01:57
37,3.24,kg,0.3,3.54,10-06-24,11:02:10
27,3.12,kg,0.3,3.42,10-06-24,11:02:27
29,3.5,kg,0.3,3.8,10-06-24,11:03:13
29,2.605,kg,0.3,2.905,10-06-24,11:04:17
24,3.17,kg,0.3,3.47,10-06-24,11:07:28
4,3.005,kg,0.3,3.305,10-06-24,11:18:44
3,3.285,kg,0.3,3.585,10-06-24,11:19:06
35,3.545,kg,0.3,3.845,10-06-24,11:19:24
19,2.885,kg,0.3,3.185,10-06-24,11:19:41
20,3.475,kg,0.3,3.775,10-06-24,11:20:24
38,2.86,kg,0.3,3.16,10-06-24,11:20:43
11,2.815,kg,0.3,3.115,10-06-24,12:09:23
29,3.435,kg,0.3,3.735,10-06-24,12:09:47
16,3.235,kg,0.3,3.535,10-06-24,12:10:38
38,3.17,kg,0.3,3.47,10-06-24,12:10:55
9,2.8,kg,0.3,3.1,10-06-24,12:11:36
27,3.235,kg,0.3,3.535,10-06-24,12:12:19
4,2.71,kg,0.3,3.01,10-06-24,12:12:47
15,3.015,kg,0.3,3.315,10-06-24,12:13:16
24,2.885,kg,0.3,3.185,10-06-24,12:13:31
35,3.57,kg,0.3,3.87,10-06-24,12:13:44
47,2.31,kg,0.3,2.61,10-06-24,12:14:15
37,3.64,kg,0.3,3.94,10-06-24,12:14:38
1,2.8,kg,0.3,3.1,10-06-24,12:15:12
7,2.695,kg,0.3,2.995,10-06-24,12:15:21
19,2.79,kg,0.3,3.09,10-06-24,12:15:36
10,2.95,kg,0.3,3.25,10-06-24,12:16:10
20,3.505,kg,0.3,3.805,10-06-24,12:16:28
49,3.075,kg,0.3,3.375,10-06-24,12:18:57
51,2.84,kg,0.3,3.14,10-06-24,12:19:04
35,3.155,kg,0.3,3.455,10-06-24,12:19:34
13,3.05,kg,0.3,3.35,10-06-24,12:20:01
26,3.245,kg,0.3,3.545,10-06-24,12:20:21
1,3.02,kg,0.3,3.32,10-06-24,12:20:42
27,2.785,kg,0.3,3.085,10-06-24,12:21:18
16,3.32,kg,0.3,3.62,10-06-24,12:21:45
37,3.37,kg,0.3,3.67,10-06-24,12:22:01
47,2.96,kg,0.3,3.26,10-06-24,12:22:19
11,2.84,kg,0.3,3.14,10-06-24,12:22:40
9,3,kg,0.3,3.3,10-06-24,12:22:58
4,2.605,kg,0.3,2.905,10-06-24,12:23:17
13,2.42,kg,0.3,2.72,10-06-24,12:23:33
15,2.665,kg,0.3,2.965,10-06-24,12:23:49
7,3.165,kg,0.3,3.465,10-06-24,12:24:05
24,2.705,kg,0.3,3.005,10-06-24,12:24:36
22,3.54,kg,0.3,3.84,10-06-24,12:24:51
23,3.065,kg,0.3,3.365,10-06-24,12:25:07
29,3.15,kg,0.3,3.45,10-06-24,12:25:27
10,2.955,kg,0.3,3.255,10-06-24,12:25:46
3,2.895,kg,0.3,3.195,10-06-24,12:26:05
32,3.155,kg,0.3,3.455,10-06-24,12:26:28
26,2.975,kg,0.3,3.275,10-06-24,12:27:35
51,2.655,kg,0.3,2.955,10-06-24,12:28:33
17,2.885,kg,0.3,3.185,10-06-24,12:29:04
56,2.59,kg,0.3,2.89,10-06-24,12:29:26
3,3.175,kg,0.3,3.475,10-06-24,12:29:46
23,3.355,kg,0.3,3.655,10-06-24,12:30:05
49,3.075,kg,0.3,3.375,10-06-24,12:30:40
22,3.63,kg,0.3,3.93,10-06-24,12:31:00
15,2.52,kg,0.3,2.82,10-06-24,12:31:24
20,3.715,kg,0.3,4.015,10-06-24,12:32:19
19,2.325,kg,0.3,2.625,10-06-24,13:02:56
7,3.355,kg,0.3,3.655,10-06-24,13:03:20
26,2.995,kg,0.3,3.295,10-06-24,13:30:51
29,2.905,kg,0.3,3.205,10-06-24,13:31:06
27,2.605,kg,0.3,2.905,10-06-24,13:31:21
47,2.715,kg,0.3,3.015,10-06-24,13:31:38
51,2.69,kg,0.3,2.99,10-06-24,13:32:21
35,3.03,kg,0.3,3.33,10-06-24,13:32:56
15,3.16,kg,0.3,3.46,10-06-24,13:34:30
32,3.06,kg,0.3,3.36,10-06-24,13:34:50
49,2.705,kg,0.3,3.005,10-06-24,13:36:04
16,3.19,kg,0.3,3.49,10-06-24,13:37:25
4,3.16,kg,0.3,3.46,10-06-24,13:37:59
20,3.975,kg,0.3,4.275,10-06-24,13:38:19
13,2.99,kg,0.3,3.29,10-06-24,13:39:31
47,2.78,kg,0.3,3.08,10-06-24,13:39:53
10,3.255,kg,0.3,3.555,10-06-24,13:40:52
24,2.74,kg,0.3,3.04,10-06-24,13:41:06
7,2.935,kg,0.3,3.235,10-06-24,13:41:29
37,3.545,kg,0.3,3.845,10-06-24,13:41:47
38,2.86,kg,0.3,3.16,10-06-24,13:42:08
3,3.12,kg,0.3,3.42,10-06-24,13:42:22
17,3.065,kg,0.3,3.365,10-06-24,13:42:35
56,2.445,kg,0.3,2.745,10-06-24,13:42:49
22,4.035,kg,0.3,4.335,10-06-24,13:43:11
51,2.74,kg,0.3,3.04,10-06-24,13:43:29
1,3.145,kg,0.3,3.445,10-06-24,13:43:42
11,2.8,kg,0.3,3.1,10-06-24,13:44:01
9,2.07,kg,0.3,2.37,10-06-24,13:58:41
19,2.7,kg,0.3,3,10-06-24,14:12:22
32,2.17,kg,0.3,2.47,10-06-24,14:12:40
15,2.95,kg,0.3,3.25,10-06-24,14:12:56
23,2.92,kg,0.3,3.22,10-06-24,14:13:20
26,3.27,kg,0.3,3.57,10-06-24,14:13:43
35,3.515,kg,0.3,3.815,10-06-24,14:14:04
17,3.38,kg,0.3,3.68,10-06-24,14:14:36
56,2.565,kg,0.3,2.865,10-06-24,14:14:48
4,3.265,kg,0.3,3.565,10-06-24,14:15:29
3,3.325,kg,0.3,3.625,10-06-24,14:16:06
1,3.37,kg,0.3,3.67,10-06-24,14:16:31
51,3.47,kg,0.3,3.77,10-06-24,14:16:46
24,2.275,kg,0.3,2.575,10-06-24,14:17:01
13,3.15,kg,0.3,3.45,10-06-24,14:17:24
27,2.88,kg,0.3,3.18,10-06-24,14:17:46
29,3.275,kg,0.3,3.575,10-06-24,14:18:05
7,3.22,kg,0.3,3.52,10-06-24,14:18:19
47,2.865,kg,0.3,3.165,10-06-24,14:19:07
17,2.87,kg,0.3,3.17,10-06-24,14:19:25
32,1.49,kg,0.3,1.79,10-06-24,14:20:01
49,3.49,kg,0.3,3.79,10-06-24,14:20:17
38,2.97,kg,0.3,3.27,10-06-24,14:20:40
15,3.155,kg,0.3,3.455,10-06-24,14:21:12
37,3.48,kg,0.3,3.78,10-06-24,14:21:45
56,2.65,kg,0.3,2.95,10-06-24,14:22:11
29,3.3,kg,0.3,3.6,10-06-24,14:22:33
27,2.89,kg,0.3,3.19,10-06-24,14:22:59
35,3.735,kg,0.3,4.035,10-06-24,14:23:26
16,3.185,kg,0.3,3.485,10-06-24,14:23:49
10,3.35,kg,0.3,3.65,10-06-24,14:24:31
11,2.94,kg,0.3,3.24,10-06-24,14:25:17
19,2.76,kg,0.3,3.06,10-06-24,14:26:11
4,2.965,kg,0.3,3.265,10-06-24,14:26:26
3,3.175,kg,0.3,3.475,10-06-24,14:26:40
22,3.915,kg,0.3,4.215,10-06-24,14:27:13
20,3.845,kg,0.3,4.145,10-06-24,14:27:28
4,3.255,kg,0.3,3.555,10-06-24,14:47:36
3,3.69,kg,0.3,3.99,10-06-24,14:47:47
47,2.66,kg,0.3,2.96,10-06-24,14:48:05
24,2.345,kg,0.3,2.645,10-06-24,14:48:44
7,2.89,kg,0.3,3.19,10-06-24,14:49:42
7,1.085,kg,0.3,1.385,10-06-24,14:50:01
19,2.695,kg,0.3,2.995,10-06-24,15:48:33
17,3.14,kg,0.3,3.44,10-06-24,15:49:03
10,2.445,kg,0.3,2.745,10-06-24,15:49:20
26,3.255,kg,0.3,3.555,10-06-24,15:49:51
27,3.185,kg,0.3,3.485,10-06-24,15:51:01
29,3.075,kg,0.3,3.375,10-06-24,15:51:17
35,3.385,kg,0.3,3.685,10-06-24,15:51:56
56,2.82,kg,0.3,3.12,10-06-24,15:52:12
38,2.725,kg,0.3,3.025,10-06-24,15:52:36
23,3.01,kg,0.3,3.31,10-06-24,15:52:49
49,2.77,kg,0.3,3.07,10-06-24,15:53:05
15,3.235,kg,0.3,3.535,10-06-24,15:53:36
37,3.595,kg,0.3,3.895,10-06-24,15:54:03
49,2.97,kg,0.3,3.27,10-06-24,15:54:28
9,2.515,kg,0.3,2.815,10-06-24,15:55:00
16,3.41,kg,0.3,3.71,10-06-24,15:55:40
4,3.565,kg,0.3,3.865,10-06-24,15:56:06
3,3.505,kg,0.3,3.805,10-06-24,15:57:26
16,3.27,kg,0.3,3.57,10-06-24,15:57:50
51,2.965,kg,0.3,3.265,10-06-24,15:58:21
1,3.23,kg,0.3,3.53,10-06-24,15:58:53
26,2.995,kg,0.3,3.295,10-06-24,15:59:20
56,2.8,kg,0.3,3.1,10-06-24,15:59:50
37,3.155,kg,0.3,3.455,10-06-24,16:00:13
38,2.415,kg,0.3,2.715,10-06-24,16:00:56
11,2.82,kg,0.3,3.12,10-06-24,16:02:26
22,3.79,kg,0.3,4.09,10-06-24,16:02:43
20,3.56,kg,0.3,3.86,10-06-24,16:03:22
9,2.37,kg,0.3,2.67,10-06-24,16:05:21
35,3.475,kg,0.3,3.775,10-06-24,16:06:21
29,3.095,kg,0.3,3.395,10-06-24,16:06:44
27,2.85,kg,0.3,3.15,10-06-24,16:07:13
13,2.415,kg,0.3,2.715,10-06-24,16:07:29
24,2.345,kg,0.3,2.645,10-06-24,16:07:45
7,2.985,kg,0.3,3.285,10-06-24,16:08:03
47,2.855,kg,0.3,3.155,10-06-24,16:08:50
15,3.255,kg,0.3,3.555,10-06-24,16:24:31
49,2.95,kg,0.3,3.25,10-06-24,16:24:51
23,2.705,kg,0.3,3.005,10-06-24,16:25:19
20,3.85,kg,0.3,4.15,10-06-24,16:25:48
37,3.135,kg,0.3,3.435,10-06-24,16:26:12
38,2.34,kg,0.3,2.64,10-06-24,16:26:38
1,2.755,kg,0.3,3.055,10-06-24,16:26:53
51,2.925,kg,0.3,3.225,10-06-24,16:27:15
22,3.4,kg,0.3,3.7,10-06-24,16:27:48
16,2.825,kg,0.3,3.125,10-06-24,16:28:21
10,3.525,kg,0.3,3.825,10-06-24,16:28:52
19,3.1,kg,0.3,3.4,10-06-24,16:34:07
37,2.895,kg,0.3,3.195,10-06-24,16:34:22
5,3.04,kg,0.3,3.34,10-06-24,16:34:59
32,3.185,kg,0.3,3.485,10-06-24,16:35:32
32,2.115,kg,0.3,2.415,10-06-24,16:36:14
33,2.39,kg,0.3,2.69,10-06-24,16:36:33
38,2.495,kg,0.3,2.795,10-06-24,16:36:53
11,2.98,kg,0.3,3.28,10-06-24,16:37:06
33,3.08,kg,0.3,3.38,10-06-24,16:37:24
47,3.045,kg,0.3,3.345,10-06-24,16:37:41
9,2.575,kg,0.3,2.875,10-06-24,16:37:53
35,3.325,kg,0.3,3.625,10-06-24,16:38:11
4,2.965,kg,0.3,3.265,10-06-24,16:38:28
17,2.865,kg,0.3,3.165,10-06-24,16:38:54
3,3.29,kg,0.3,3.59,10-06-24,16:39:15
7,3.09,kg,0.3,3.39,10-06-24,16:39:31
27,2.775,kg,0.3,3.075,10-06-24,16:39:52
29,3.245,kg,0.3,3.545,10-06-24,16:40:25
32,2.345,kg,0.3,2.645,10-06-24,16:57:29
49,3.095,kg,0.3,3.395,10-06-24,17:01:42
4,2.71,kg,0.3,3.01,10-06-24,17:02:01
47,2.515,kg,0.3,2.815,10-06-24,17:02:17
51,3.035,kg,0.3,3.335,10-06-24,17:02:50
19,2.365,kg,0.3,2.665,10-06-24,17:03:14
56,2.53,kg,0.3,2.83,10-06-24,17:03:37
56,1.735,kg,0.3,2.035,10-06-24,17:03:56
35,3.48,kg,0.3,3.78,10-06-24,17:04:35
17,3.01,kg,0.3,3.31,10-06-24,17:05:17
3,2.915,kg,0.3,3.215,10-06-24,17:05:31
7,2.485,kg,0.3,2.785,10-06-24,17:05:43
23,2.07,kg,0.3,2.37,10-06-24,17:06:03
15,3.23,kg,0.3,3.53,10-06-24,17:06:14
15,2.795,kg,0.3,3.095,10-06-24,17:06:32
27,3.06,kg,0.3,3.36,10-06-24,17:06:59
1,3.155,kg,0.3,3.455,10-06-24,17:07:09
26,3.335,kg,0.3,3.635,10-06-24,17:07:43
13,2.975,kg,0.3,3.275,10-06-24,17:07:57
24,2.85,kg,0.3,3.15,10-06-24,17:08:18
10,1.85,kg,0.3,2.15,10-06-24,17:08:35
20,3.19,kg,0.3,3.49,10-06-24,17:08:47
22,4.11,kg,0.3,4.41,10-06-24,17:09:02
37,2.975,kg,0.3,3.275,10-06-24,17:09:43
16,3.455,kg,0.3,3.755,10-06-24,17:10:03
3,2.035,kg,0.3,2.335,10-06-24,17:11:13
29,3.8,kg,0.3,4.1,10-06-24,17:11:29
4,2.135,kg,0.3,2.435,10-06-24,17:11:41
5,2.135,kg,0.3,2.435,10-06-24,18:51:12
5,3.18,kg,0.3,3.48,10-06-24,18:51:25
5,2.68,kg,0.3,2.98,10-06-24,18:51:41
